{"Train Loss":0.9526291083169464,"Train Accuracy":63.833270368971164,"_runtime":18063.5829598,"Epoch":53,"Validation Loss":1.0861979299281017,"_wandb":{"runtime":18063},"Validation Accuracy":59.76577257272384,"_step":53,"Test Accuracy":58.17776539426024,"_timestamp":1.7434628110944104e+09}