{"_step":0,"_runtime":931.6738576,"Validation Accuracy":24.78277295051001,"_wandb":{"runtime":931},"Validation Loss":1.8720604281827629,"Train Loss":1.9686475064130438,"Train Accuracy":17.35297821433069,"_timestamp":1.743752394989163e+09,"Epoch":1}