{"Train Loss":0.4879248350228428,"Train Accuracy":81.89459765772573,"_timestamp":1.7434134898773634e+09,"Validation Loss":1.6136073304946164,"_runtime":5123.4014652,"_step":15,"Epoch":16,"Validation Accuracy":53.45674348318852,"_wandb":{"runtime":5359}}