{"_runtime":6394.6171133,"_step":19,"_timestamp":1.743439963239216e+09,"Epoch":19,"Train Loss":0.382503102709783,"Test Accuracy":55.0849818891056,"Validation Accuracy":54.514544767661505,"Train Accuracy":85.96314486000924,"_wandb":{"runtime":6395},"Validation Loss":1.5783614358270024}