{"Validation Loss":0.12193959029391407,"Train Loss":0.0048655849386705086,"Test Accuracy":93.51535836177474,"Validation Accuracy":95.22184300341297,"_runtime":4241.4217661,"_wandb":{"runtime":4241},"_step":21,"Epoch":21,"Train Accuracy":99.95748299319727,"_timestamp":1.7434278153104715e+09}