{"_timestamp":1.7434190023730314e+09,"_wandb":{"runtime":5253},"_runtime":5252.7725121,"Epoch":15,"Train Loss":0.7970319565275719,"Test Accuracy":31.65227082752856,"Validation Loss":2.195472941512153,"Validation Accuracy":34.076312806951265,"_step":15,"Train Accuracy":71.20849599126895}