{"Validation Accuracy":58.670192670948246,"_runtime":19520.3890373,"_timestamp":1.7437768190811162e+09,"Train Loss":0.7323751363578259,"Validation Loss":1.1075665175196636,"Epoch":51,"_wandb":{"runtime":19520},"_step":51,"Train Accuracy":72.17394954455779,"Test Accuracy":59.57091111730287}