{"Train Loss":1.709894946369345,"_step":1,"Validation Loss":1.7364749709765117,"_runtime":702.4396086,"_timestamp":1.7434215574685469e+09,"Train Accuracy":28.409520211560256,"Validation Accuracy":27.276161692482056,"_wandb":{"runtime":743},"Epoch":2}