{"Epoch":2,"Train Accuracy":16.249003064265626,"_timestamp":1.7434959995505874e+09,"_step":1,"Validation Accuracy":13.713638080846241,"_wandb":{"runtime":807},"Validation Loss":1.9456947941377938,"Train Loss":1.9552905996373835,"_runtime":728.8770007}