{"Validation Loss":1.7070180737828633,"_timestamp":1.7434446447404509e+09,"_step":1,"Epoch":2,"_runtime":735.1712851,"_wandb":{"runtime":830},"Train Loss":1.7223006478892078,"Train Accuracy":27.901607690047435,"Validation Accuracy":29.618435965243673}