{"Train Loss":1.5745125141719845,"Train Accuracy":39.281366746421526,"Epoch":4,"Validation Accuracy":40.27200604457877,"Validation Loss":1.4984334951423737,"_wandb":{"runtime":4390},"_timestamp":1.7437548619016166e+09,"_step":3,"_runtime":1968.9956899}