{"Validation Accuracy":54.59010200226672,"Validation Loss":1.20854834978839,"_timestamp":1.7434326278960216e+09,"_runtime":2750.5788004,"Train Accuracy":59.65243672081602,"Epoch":7,"Train Loss":1.065780892468139,"_wandb":{"runtime":2821},"_step":6}