{"Validation Loss":1.0532686509281757,"Train Loss":0.666347631752091,"Train Accuracy":75.10808882172691,"_wandb":{"runtime":33624},"Validation Accuracy":61.768039289761994,"_step":22,"_timestamp":1.7440415731624968e+09,"Epoch":22,"_runtime":33624.2816553,"Test Accuracy":61.36806910002786}