{"Train Accuracy":70.2556353104143,"Validation Loss":1.0488069854586957,"Train Loss":0.7971190472577242,"_step":59,"Test Accuracy":59.86347171914182,"Validation Accuracy":61.84359652436721,"_timestamp":1.7435193531495657e+09,"_wandb":{"runtime":23193},"Epoch":59,"_runtime":23193.6854844}