{"_runtime":245.4101392,"_step":0,"_timestamp":1.7434206914423091e+09,"Validation Loss":0.651501601934433,"_wandb":{"runtime":386},"Validation Accuracy":75.42662116040955,"Train Loss":0.7176290895487811,"Epoch":1,"Train Accuracy":73.25680272108843}